symbol,venue,date,events,usd
btcusdt,binance,2025-11-01,445.0,3373026.64738
btcusdt,binance,2025-11-02,666.0,4565109.746
btcusdt,binance,2025-11-03,2124.0,28560980.37811
btcusdt,binance,2025-11-04,4097.0,54449906.76424
btcusdt,binance,2025-11-05,1921.0,19481294.25308
btcusdt,binance,2025-11-06,1815.0,16035760.88757
btcusdt,binance,2025-11-07,2201.0,21998297.73172
btcusdt,binance,2025-11-08,887.0,9611142.50499
btcusdt,binance,2025-11-09,1109.0,14067440.54559
btcusdt,binance,2025-11-10,1315.0,12208997.34856
btcusdt,binance,2025-11-11,1584.0,17076617.169040002
btcusdt,binance,2025-11-12,1292.0,22843984.72973
btcusdt,binance,2025-11-13,2604.0,31855356.70621
btcusdt,binance,2025-11-14,3166.0,30176562.151049998
btcusdt,binance,2025-11-15,1068.0,7887483.15328
btcusdt,binance,2025-11-16,1624.0,19848134.43238
btcusdt,binance,2025-11-17,2233.0,20553735.93621
btcusdt,binance,2025-11-18,2242.0,19137180.76688
btcusdt,binance,2025-11-19,2467.0,20264976.21322
btcusdt,binance,2025-11-20,3020.0,29070709.98587
btcusdt,binance,2025-11-21,4150.0,58609654.34875
btcusdt,binance,2025-11-22,1194.0,8096619.34945
btcusdt,binance,2025-11-23,1576.0,10734272.36996
btcusdt,binance,2025-11-24,1992.0,19878922.00181
btcusdt,binance,2025-11-25,1605.0,17221383.56061
btcusdt,binance,2025-11-26,1352.0,12363608.44466
btcusdt,binance,2025-11-27,942.0,9784801.68028
btcusdt,binance,2025-11-28,1258.0,18902218.05027
btcusdt,binance,2025-11-29,484.0,3685440.75748
btcusdt,binance,2025-11-30,758.0,5525326.5736299995
btcusdt,binance,2025-12-01,2922.0,29673692.18345
btcusdt,binance,2025-12-02,1645.0,14095068.78588
btcusdt,binance,2025-12-03,1767.0,17553586.03474
btcusdt,binance,2025-12-04,1289.0,13748646.23732
btcusdt,binance,2025-12-05,1516.0,25728244.28501
btcusdt,binance,2025-12-06,565.0,4024518.33768
btcusdt,binance,2025-12-07,1175.0,9449031.38809
btcusdt,binance,2025-12-08,1114.0,8726386.59364
btcusdt,binance,2025-12-09,1398.0,14710704.35663
btcusdt,binance,2025-12-10,1163.0,9403916.57637
btcusdt,binance,2025-12-11,1631.0,20291984.40523
btcusdt,binance,2025-12-12,999.0,8717889.35223
btcusdt,binance,2025-12-13,348.0,2303471.54195
btcusdt,binance,2025-12-14,909.0,7719141.47048
btcusdt,binance,2025-12-15,1842.0,33615456.3085
btcusdt,binance,2025-12-16,1199.0,13824322.47792
btcusdt,binance,2025-12-17,1642.0,14272673.953470001
btcusdt,binance,2025-12-18,1554.0,17444084.58583
btcusdt,binance,2025-12-19,1239.0,10593250.44373
btcusdt,binance,2025-12-20,252.0,1248960.95596
btcusdt,binance,2025-12-21,640.0,4317952.7994
btcusdt,binance,2025-12-22,1040.0,9630521.94786
btcusdt,binance,2025-12-23,885.0,8226911.24433
btcusdt,binance,2025-12-24,617.0,6895656.43673
btcusdt,binance,2025-12-25,483.0,3579389.68891
btcusdt,binance,2025-12-26,824.0,7957584.03114
btcusdt,binance,2025-12-27,198.0,4636514.6832
btcusdt,binance,2025-12-28,248.0,2026666.79161
btcusdt,binance,2025-12-29,1141.0,18008720.63377
btcusdt,binance,2025-12-30,638.0,7912216.49335
btcusdt,binance,2025-12-31,722.0,8541705.6263
btcusdt,binance,2026-01-01,442.0,3015474.00051
btcusdt,binance,2026-01-02,1070.0,28401655.941310003
btcusdt,binance,2026-01-03,425.0,3327626.70926
btcusdt,binance,2026-01-04,556.0,5250061.13708
btcusdt,binance,2026-01-05,1278.0,16294512.92355
btcusdt,binance,2026-01-06,1281.0,14603294.53487
btcusdt,binance,2026-01-07,964.0,11122390.27849
btcusdt,binance,2026-01-08,1192.0,12640854.45448
btcusdt,binance,2026-01-09,910.0,8380478.31262
btcusdt,binance,2026-01-10,166.0,987263.8448
btcusdt,binance,2026-01-11,337.0,3503172.77976
btcusdt,binance,2026-01-12,992.0,9088644.18015
btcusdt,binance,2026-01-13,1073.0,31169424.78312
btcusdt,binance,2026-01-14,1403.0,23893787.68437
btcusdt,binance,2026-01-15,1042.0,9972359.26611
btcusdt,binance,2026-01-16,635.0,4699553.08449
btcusdt,binance,2026-01-17,275.0,1781628.20564
btcusdt,binance,2026-01-18,495.0,7825339.18476
btcusdt,binance,2026-01-19,787.0,11004462.90262
btcusdt,binance,2026-01-20,1450.0,24433299.29532
btcusdt,binance,2026-01-21,1538.0,19293238.028470002
btcusdt,binance,2026-01-22,776.0,7764784.21673
btcusdt,binance,2026-01-23,845.0,9369581.45857
btcusdt,binance,2026-01-24,210.0,879260.20082
btcusdt,binance,2026-01-25,1123.0,11307485.87524
btcusdt,binance,2026-01-26,924.0,7056384.69084
btcusdt,binance,2026-01-27,799.0,6318474.49002
btcusdt,binance,2026-01-28,745.0,5425416.14695
btcusdt,binance,2026-01-29,1732.0,27728019.37426
btcusdt,binance,2026-01-30,2124.0,20289838.769700002
btcusdt,binance,2026-01-31,2466.0,31907137.439939998
btcusdt,binance,2026-02-01,2125.0,18177356.822669998
btcusdt,binance,2026-02-02,2206.0,19459377.73855
btcusdt,binance,2026-02-03,2541.0,29837741.19205
btcusdt,binance,2026-02-04,2391.0,21974934.29757
btcusdt,binance,2026-02-05,5650.0,72192049.24954
btcusdt,binance,2026-02-06,4862.0,62775887.03745
btcusdt,binance,2026-02-07,2366.0,36414094.65773
btcusdt,binance,2026-02-08,1520.0,15004253.505180001
btcusdt,binance,2026-02-09,1796.0,16460268.72776
btcusdt,binance,2026-02-10,1392.0,12055371.99999
btcusdt,binance,2026-02-11,2250.0,19239450.46445
btcusdt,binance,2026-02-12,1712.0,16254345.47611
btcusdt,binance,2026-02-13,1400.0,11078207.11973
btcusdt,binance,2026-02-14,991.0,8008385.22868
btcusdt,binance,2026-02-15,1191.0,13132695.00494
btcusdt,binance,2026-02-16,1108.0,9193988.66285
btcusdt,binance,2026-02-17,1140.0,13672082.37287
btcusdt,binance,2026-02-18,1134.0,20607921.728910003
btcusdt,binance,2026-02-19,1034.0,7427797.9300999995
btcusdt,binance,2026-02-20,1019.0,6786170.29613
btcusdt,binance,2026-02-21,398.0,2271232.77268
btcusdt,binance,2026-02-22,420.0,2649579.43025
btcusdt,binance,2026-02-23,1811.0,29605209.60525
btcusdt,binance,2026-02-24,1570.0,12151496.97751
btcusdt,binance,2026-02-25,1928.0,28298651.46681
btcusdt,binance,2026-02-26,1421.0,11266748.32268
btcusdt,binance,2026-02-27,1303.0,13485849.94373
btcusdt,binance,2026-02-28,1916.0,24839033.89474
btcusdt,binance,2026-03-01,1483.0,12574291.03114
btcusdt,binance,2026-03-02,1969.0,14500490.69036
btcusdt,binance,2026-03-03,1924.0,17896165.97256
btcusdt,binance,2026-03-04,2436.0,24251927.93636
btcusdt,binance,2026-03-05,1584.0,10852156.91715
btcusdt,binance,2026-03-06,1487.0,22250467.11989
btcusdt,binance,2026-03-07,677.0,5016167.68584
btcusdt,binance,2026-03-08,1169.0,13599882.521780001
btcusdt,binance,2026-03-09,1543.0,13663300.94468
btcusdt,binance,2026-03-10,1769.0,16578427.64464
btcusdt,binance,2026-03-11,1298.0,10417691.95329
btcusdt,binance,2026-03-12,1095.0,11587200.93893
btcusdt,binance,2026-03-13,1748.0,23211745.19368
btcusdt,binance,2026-03-14,455.0,2841648.78678
btcusdt,binance,2026-03-15,771.0,6422469.57126
btcusdt,binance,2026-03-16,1708.0,14010374.50338
btcusdt,binance,2026-03-17,1443.0,11294664.889870001
btcusdt,binance,2026-03-18,1587.0,16534899.45993
btcusdt,binance,2026-03-19,1833.0,16834890.20921
btcusdt,binance,2026-03-20,1218.0,12255602.52987
btcusdt,binance,2026-03-21,525.0,4726143.75193
btcusdt,binance,2026-03-22,1271.0,11823026.90092
btcusdt,binance,2026-03-23,1894.0,28068101.894300003
btcusdt,binance,2026-03-24,1130.0,9172882.36243
btcusdt,binance,2026-03-25,942.0,6655148.37145
btcusdt,binance,2026-03-26,953.0,7152272.71735
btcusdt,binance,2026-03-27,1382.0,10048470.31825
btcusdt,binance,2026-03-28,628.0,4028160.81481
btcusdt,binance,2026-03-29,712.0,6342925.3702300005
btcusdt,binance,2026-03-30,1036.0,11462017.09273
btcusdt,binance,2026-03-31,1349.0,12364860.13778
btcusdt,binance,2026-04-01,1090.0,8926542.63022
btcusdt,binance,2026-04-02,1601.0,14832048.82144
btcusdt,binance,2026-04-03,554.0,3568672.96248
btcusdt,binance,2026-04-04,330.0,1828030.1811900001
btcusdt,binance,2026-04-05,651.0,4220199.91319
btcusdt,binance,2026-04-06,965.0,22123329.26402
btcusdt,binance,2026-04-07,1407.0,29925529.958920002
btcusdt,binance,2026-04-08,1064.0,9978718.882269999
btcusdt,binance,2026-04-09,1210.0,12604488.35198
btcusdt,binance,2026-04-10,875.0,10585563.4252
btcusdt,binance,2026-04-11,597.0,9266482.76051
btcusdt,binance,2026-04-12,965.0,12485943.5318
btcusdt,binance,2026-04-13,1389.0,16780721.017049998
btcusdt,binance,2026-04-14,1410.0,42570192.27367
btcusdt,binance,2026-04-15,1032.0,21301700.95439
btcusdt,binance,2026-04-16,1193.0,41217953.79076
btcusdt,binance,2026-04-17,1564.0,116250802.89139
btcusdt,binance,2026-04-18,1094.0,24008533.27014
btcusdt,binance,2026-04-19,1181.0,49483316.21531
btcusdt,binance,2026-04-20,1043.0,32999881.14211
btcusdt,binance,2026-04-21,1147.0,35105675.26265
btcusdt,binance,2026-04-22,1166.0,54841728.85937
btcusdt,binance,2026-04-23,1108.0,21636494.66626
btcusdt,binance,2026-04-24,727.0,20020031.769959997
btcusdt,binance,2026-04-25,303.0,3567091.25512
btcusdt,binance,2026-04-26,437.0,10230920.57531
btcusdt,binance,2026-04-27,880.0,46065362.53623
btcusdt,binance,2026-04-28,619.0,17111328.73065
btcusdt,bybit,2025-11-01,175.0,1015692.9311
btcusdt,bybit,2025-11-02,668.0,5218309.3175
btcusdt,bybit,2025-11-03,4870.0,68645938.6592
btcusdt,bybit,2025-11-04,11997.0,172882292.1976
btcusdt,bybit,2025-11-05,1798.0,22345240.9663
btcusdt,bybit,2025-11-06,2067.0,27835396.8931
btcusdt,bybit,2025-11-07,2449.0,36038908.1326
btcusdt,bybit,2025-11-08,520.0,3327902.7257
btcusdt,bybit,2025-11-09,1154.0,19081987.0497
btcusdt,bybit,2025-11-10,1204.0,20045479.8742
btcusdt,bybit,2025-11-11,2080.0,26569410.5083
btcusdt,bybit,2025-11-12,2298.0,37399530.7864
btcusdt,bybit,2025-11-13,5032.0,71624591.0586
btcusdt,bybit,2025-11-14,11267.0,151770944.3525
btcusdt,bybit,2025-11-15,790.0,6961892.5271
btcusdt,bybit,2025-11-16,3976.0,37903703.4136
btcusdt,bybit,2025-11-17,5232.0,63450526.8252
btcusdt,bybit,2025-11-18,6332.0,76465337.8003
btcusdt,bybit,2025-11-19,4473.0,44631565.4132
btcusdt,bybit,2025-11-20,7666.0,88932502.7129
btcusdt,bybit,2025-11-21,10573.0,132283796.3158
btcusdt,bybit,2025-11-22,962.0,6151770.5647
btcusdt,bybit,2025-11-23,1988.0,22879212.1055
btcusdt,bybit,2025-11-24,2599.0,27041334.8921
btcusdt,bybit,2025-11-25,1603.0,14799212.8346
btcusdt,bybit,2025-11-26,1973.0,23067156.6471
btcusdt,bybit,2025-11-27,1223.0,14259031.1013
btcusdt,bybit,2025-11-28,2017.0,22912713.606
btcusdt,bybit,2025-11-29,416.0,4221449.5013
btcusdt,bybit,2025-11-30,798.0,7591035.3878
btcusdt,bybit,2025-12-01,7042.0,93423841.1709
btcusdt,bybit,2025-12-02,3025.0,36235218.2601
btcusdt,bybit,2025-12-03,2702.0,41513695.7685
btcusdt,bybit,2025-12-04,1555.0,20597491.3819
btcusdt,bybit,2025-12-05,2640.0,34688063.2162
btcusdt,bybit,2025-12-06,551.0,4020745.8161
btcusdt,bybit,2025-12-07,2311.0,28117065.1588
btcusdt,bybit,2025-12-08,1199.0,18319924.7855
btcusdt,bybit,2025-12-09,2070.0,27748940.6211
btcusdt,bybit,2025-12-10,1555.0,18811714.1166
btcusdt,bybit,2025-12-11,2689.0,38895491.6295
btcusdt,bybit,2025-12-12,1301.0,22590734.5865
btcusdt,bybit,2025-12-13,205.0,703194.2115
btcusdt,bybit,2025-12-14,2268.0,32597814.7143
btcusdt,bybit,2025-12-15,4277.0,45387744.2469
btcusdt,bybit,2025-12-16,1560.0,15973196.0721
btcusdt,bybit,2025-12-17,3247.0,56019157.1735
btcusdt,bybit,2025-12-18,3231.0,36737958.9318
btcusdt,bybit,2025-12-19,1863.0,28054311.4018
btcusdt,bybit,2025-12-20,145.0,788423.3865
btcusdt,bybit,2025-12-21,696.0,6158926.5232
btcusdt,bybit,2025-12-22,1759.0,29358491.8644
btcusdt,bybit,2025-12-23,1374.0,13259879.0543
btcusdt,bybit,2025-12-24,723.0,6450163.3042
btcusdt,bybit,2025-12-25,610.0,5348717.2734
btcusdt,bybit,2025-12-26,1179.0,15158992.3718
btcusdt,bybit,2025-12-27,95.0,1547622.8768
btcusdt,bybit,2025-12-28,136.0,1179796.4367
btcusdt,bybit,2025-12-29,1857.0,32215369.8601
btcusdt,bybit,2025-12-30,726.0,8924865.4415
btcusdt,bybit,2025-12-31,712.0,8013537.6082
btcusdt,bybit,2026-01-01,266.0,2043520.557
btcusdt,bybit,2026-01-02,1636.0,19418908.4945
btcusdt,bybit,2026-01-03,403.0,3144067.641
btcusdt,bybit,2026-01-04,955.0,14272774.463100001
btcusdt,bybit,2026-01-05,3107.0,49802414.4892
btcusdt,bybit,2026-01-06,1858.0,28527093.3341
btcusdt,bybit,2026-01-07,1146.0,20188763.3456
btcusdt,bybit,2026-01-08,1922.0,28973759.199
btcusdt,bybit,2026-01-09,1148.0,12909223.0519
btcusdt,bybit,2026-01-10,44.0,239726.6748
btcusdt,bybit,2026-01-11,289.0,4433828.4732
btcusdt,bybit,2026-01-12,1270.0,16294361.1359
btcusdt,bybit,2026-01-13,3730.0,91600942.9849
btcusdt,bybit,2026-01-14,2091.0,31786483.2691
btcusdt,bybit,2026-01-15,1211.0,16302006.237200001
btcusdt,bybit,2026-01-16,715.0,5085929.7822
btcusdt,bybit,2026-01-17,95.0,1026072.2048000001
btcusdt,bybit,2026-01-18,1137.0,17178752.0029
btcusdt,bybit,2026-01-19,2456.0,39869055.9588
btcusdt,bybit,2026-01-20,5797.0,103113709.4985
btcusdt,bybit,2026-01-21,2888.0,38711084.0759
btcusdt,bybit,2026-01-22,756.0,6359093.1153
btcusdt,bybit,2026-01-23,1074.0,10748198.5277
btcusdt,bybit,2026-01-24,87.0,341183.3606
btcusdt,bybit,2026-01-25,3471.0,41784710.1969
btcusdt,bybit,2026-01-26,1021.0,13152310.706
btcusdt,bybit,2026-01-27,973.0,10987663.101400001
btcusdt,bybit,2026-01-28,917.0,8341853.2621
btcusdt,bybit,2026-01-29,5917.0,98872910.4047
btcusdt,bybit,2026-01-30,6483.0,98118733.62370001
btcusdt,bybit,2026-01-31,14299.0,211252529.5731
btcusdt,bybit,2026-02-01,2706.0,23710169.2306
btcusdt,bybit,2026-02-02,4028.0,39634883.649900004
btcusdt,bybit,2026-02-03,5925.0,65989204.4418
btcusdt,bybit,2026-02-04,4441.0,46533133.3709
btcusdt,bybit,2026-02-05,24310.0,277568741.3006
btcusdt,bybit,2026-02-06,12364.0,124377257.4158
btcusdt,bybit,2026-02-07,3000.0,34567988.5522
btcusdt,bybit,2026-02-08,2536.0,21361790.095
btcusdt,bybit,2026-02-09,2598.0,24023015.5066
btcusdt,bybit,2026-02-10,1923.0,16667339.6468
btcusdt,bybit,2026-02-11,3978.0,36733658.3033
btcusdt,bybit,2026-02-12,2095.0,14804449.6439
btcusdt,bybit,2026-02-13,2087.0,27950099.3419
btcusdt,bybit,2026-02-14,1306.0,15127191.3802
btcusdt,bybit,2026-02-15,1798.0,14488967.152
btcusdt,bybit,2026-02-16,1748.0,15444784.6863
btcusdt,bybit,2026-02-17,1491.0,17002079.1723
btcusdt,bybit,2026-02-18,1781.0,17278165.6391
btcusdt,bybit,2026-02-19,1189.0,13177557.331699999
btcusdt,bybit,2026-02-20,1504.0,21017123.5541
btcusdt,bybit,2026-02-21,484.0,6482785.1876
btcusdt,bybit,2026-02-22,447.0,2985134.2062
btcusdt,bybit,2026-02-23,4466.0,53317748.6253
btcusdt,bybit,2026-02-24,3216.0,25435083.2458
btcusdt,bybit,2026-02-25,4511.0,68681260.5754
btcusdt,bybit,2026-02-26,1469.0,16270832.8632
btcusdt,bybit,2026-02-27,2048.0,26326511.6808
btcusdt,bybit,2026-02-28,4741.0,72633686.9809
btcusdt,bybit,2026-03-01,2102.0,28400888.8659
btcusdt,bybit,2026-03-02,3453.0,30933863.5807
btcusdt,bybit,2026-03-03,2277.0,33587138.3883
btcusdt,bybit,2026-03-04,6012.0,63963196.691
btcusdt,bybit,2026-03-05,1866.0,19849629.3474
btcusdt,bybit,2026-03-06,2674.0,28845841.641
btcusdt,bybit,2026-03-07,1145.0,8213498.1515999995
btcusdt,bybit,2026-03-08,3033.0,35046898.6186
btcusdt,bybit,2026-03-09,2058.0,20537384.6787
btcusdt,bybit,2026-03-10,2971.0,30511549.696
btcusdt,bybit,2026-03-11,1539.0,15468781.6049
btcusdt,bybit,2026-03-12,974.0,7642225.6656
btcusdt,bybit,2026-03-13,3474.0,39853769.8837
btcusdt,bybit,2026-03-14,419.0,2005058.5324
btcusdt,bybit,2026-03-15,1191.0,18783847.0632
btcusdt,bybit,2026-03-16,2948.0,31880729.8851
btcusdt,bybit,2026-03-17,2338.0,30483362.0513
btcusdt,bybit,2026-03-18,2780.0,35379086.6043
btcusdt,bybit,2026-03-19,2722.0,36095813.8209
btcusdt,bybit,2026-03-20,1355.0,10179571.6609
btcusdt,bybit,2026-03-21,1335.0,20802209.4249
btcusdt,bybit,2026-03-22,2295.0,25123423.9411
btcusdt,bybit,2026-03-23,3222.0,37883946.2526
btcusdt,bybit,2026-03-24,1430.0,16279734.6976
btcusdt,bybit,2026-03-25,1172.0,15367884.7926
btcusdt,bybit,2026-03-26,2043.0,21018253.4287
btcusdt,bybit,2026-03-27,3976.0,52002563.2023
btcusdt,bybit,2026-03-28,737.0,12194451.9519
btcusdt,bybit,2026-03-29,2022.0,29097828.4751
btcusdt,bybit,2026-03-30,1554.0,19469025.1585
btcusdt,bybit,2026-03-31,1766.0,19924949.5624
btcusdt,bybit,2026-04-01,1318.0,16203486.8798
btcusdt,bybit,2026-04-02,1953.0,17523622.9987
btcusdt,bybit,2026-04-03,424.0,5187083.4021
btcusdt,bybit,2026-04-04,235.0,1962635.3509000002
btcusdt,bybit,2026-04-05,1516.0,20794161.4504
btcusdt,bybit,2026-04-06,2117.0,26411667.5433
btcusdt,bybit,2026-04-07,3739.0,49427959.4842
btcusdt,bybit,2026-04-08,1166.0,10402208.3001
btcusdt,bybit,2026-04-09,1838.0,22321445.3587
btcusdt,bybit,2026-04-10,1039.0,7719260.8856
btcusdt,bybit,2026-04-11,805.0,8337850.970799999
btcusdt,bybit,2026-04-12,1351.0,17891683.1859
btcusdt,bybit,2026-04-13,3184.0,57326158.3257
btcusdt,bybit,2026-04-14,2022.0,24362073.3622
btcusdt,bybit,2026-04-15,1140.0,12577242.2763
btcusdt,bybit,2026-04-16,1184.0,18469679.4266
btcusdt,bybit,2026-04-17,3537.0,44449783.2648
btcusdt,bybit,2026-04-18,739.0,7031928.9203
btcusdt,bybit,2026-04-19,1670.0,13470503.1326
btcusdt,bybit,2026-04-20,1053.0,11886595.2847
btcusdt,bybit,2026-04-21,1274.0,13718982.5384
btcusdt,bybit,2026-04-22,2616.0,41433813.9748
btcusdt,bybit,2026-04-23,1058.0,10993047.713
btcusdt,bybit,2026-04-24,494.0,4083222.2487
btcusdt,bybit,2026-04-25,189.0,1282459.8905
btcusdt,bybit,2026-04-26,688.0,8821999.0743
btcusdt,bybit,2026-04-27,1414.0,16094462.418
btcusdt,bybit,2026-04-28,715.0,6897307.1619
ethusdt,binance,2025-11-01,509.0,4740065.29531
ethusdt,binance,2025-11-02,833.0,7277332.33174
ethusdt,binance,2025-11-03,3027.0,28918087.95552
ethusdt,binance,2025-11-04,5240.0,53381869.82774
ethusdt,binance,2025-11-05,2640.0,20189306.75783
ethusdt,binance,2025-11-06,2367.0,19729187.67269
ethusdt,binance,2025-11-07,2899.0,23188490.28272
ethusdt,binance,2025-11-08,1395.0,11495725.23003
ethusdt,binance,2025-11-09,1517.0,11684542.12909
ethusdt,binance,2025-11-10,1750.0,14846053.26436
ethusdt,binance,2025-11-11,2134.0,20867287.60308
ethusdt,binance,2025-11-12,1900.0,23168613.33334
ethusdt,binance,2025-11-13,3336.0,25922190.99019
ethusdt,binance,2025-11-14,3774.0,32454401.16706
ethusdt,binance,2025-11-15,1270.0,8420110.78963
ethusdt,binance,2025-11-16,2171.0,15879748.33777
ethusdt,binance,2025-11-17,2747.0,24792797.05651
ethusdt,binance,2025-11-18,2429.0,14512540.75374
ethusdt,binance,2025-11-19,3165.0,27924410.86215
ethusdt,binance,2025-11-20,3172.0,22481349.59452
ethusdt,binance,2025-11-21,4218.0,40672856.46971
ethusdt,binance,2025-11-22,1329.0,8345066.85489
ethusdt,binance,2025-11-23,1562.0,9125266.40189
ethusdt,binance,2025-11-24,2110.0,18345787.74042
ethusdt,binance,2025-11-25,1747.0,15764719.26098
ethusdt,binance,2025-11-26,1449.0,10769944.88209
ethusdt,binance,2025-11-27,911.0,8225855.72311
ethusdt,binance,2025-11-28,1286.0,15491949.56681
ethusdt,binance,2025-11-29,684.0,9901491.550689999
ethusdt,binance,2025-11-30,886.0,5168952.38771
ethusdt,binance,2025-12-01,2699.0,22310014.05622
ethusdt,binance,2025-12-02,1654.0,14826477.45421
ethusdt,binance,2025-12-03,1894.0,16328591.04663
ethusdt,binance,2025-12-04,1787.0,17129078.94705
ethusdt,binance,2025-12-05,1928.0,16191323.1217
ethusdt,binance,2025-12-06,754.0,4348520.33994
ethusdt,binance,2025-12-07,1497.0,18577376.49001
ethusdt,binance,2025-12-08,1417.0,17610452.57258
ethusdt,binance,2025-12-09,1766.0,12758113.07707
ethusdt,binance,2025-12-10,1806.0,15884639.41545
ethusdt,binance,2025-12-11,2015.0,34279568.12602
ethusdt,binance,2025-12-12,1531.0,11673913.10007
ethusdt,binance,2025-12-13,602.0,3757720.12461
ethusdt,binance,2025-12-14,1064.0,6406404.85592
ethusdt,binance,2025-12-15,2115.0,26779330.77965
ethusdt,binance,2025-12-16,1608.0,17289846.25477
ethusdt,binance,2025-12-17,1969.0,15798075.99515
ethusdt,binance,2025-12-18,1933.0,17029873.96085
ethusdt,binance,2025-12-19,1523.0,11348587.29328
ethusdt,binance,2025-12-20,409.0,1503337.7391000001
ethusdt,binance,2025-12-21,870.0,4141727.53538
ethusdt,binance,2025-12-22,1149.0,12811962.99209
ethusdt,binance,2025-12-23,1057.0,8116921.33366
ethusdt,binance,2025-12-24,765.0,6388417.02673
ethusdt,binance,2025-12-25,637.0,3680064.38295
ethusdt,binance,2025-12-26,890.0,5504997.94219
ethusdt,binance,2025-12-27,290.0,2693193.39897
ethusdt,binance,2025-12-28,324.0,2894307.19369
ethusdt,binance,2025-12-29,1176.0,11100282.12681
ethusdt,binance,2025-12-30,789.0,15672274.85136
ethusdt,binance,2025-12-31,819.0,9180532.90784
ethusdt,binance,2026-01-01,493.0,3132752.78882
ethusdt,binance,2026-01-02,1239.0,9824353.21169
ethusdt,binance,2026-01-03,540.0,4276230.90933
ethusdt,binance,2026-01-04,648.0,6532973.62387
ethusdt,binance,2026-01-05,1268.0,13645283.79287
ethusdt,binance,2026-01-06,1362.0,18101858.06303
ethusdt,binance,2026-01-07,1117.0,11965763.96613
ethusdt,binance,2026-01-08,1251.0,12312870.43515
ethusdt,binance,2026-01-09,1078.0,9552045.9081
ethusdt,binance,2026-01-10,238.0,1488696.30882
ethusdt,binance,2026-01-11,392.0,2682014.03415
ethusdt,binance,2026-01-12,1050.0,10703717.80054
ethusdt,binance,2026-01-13,1107.0,47097497.102970004
ethusdt,binance,2026-01-14,1428.0,12195601.83316
ethusdt,binance,2026-01-15,1259.0,9814497.75002
ethusdt,binance,2026-01-16,754.0,5692081.57841
ethusdt,binance,2026-01-17,331.0,2426704.34545
ethusdt,binance,2026-01-18,601.0,4429871.52865
ethusdt,binance,2026-01-19,982.0,10377245.90755
ethusdt,binance,2026-01-20,1664.0,51369179.00945
ethusdt,binance,2026-01-21,2139.0,44580697.95419
ethusdt,binance,2026-01-22,1215.0,11505721.17485
ethusdt,binance,2026-01-23,1112.0,9155193.0629
ethusdt,binance,2026-01-24,310.0,1393220.4546
ethusdt,binance,2026-01-25,1276.0,49955194.17489
ethusdt,binance,2026-01-26,1253.0,10372638.97725
ethusdt,binance,2026-01-27,1222.0,17723775.58339
ethusdt,binance,2026-01-28,1102.0,6167120.65355
ethusdt,binance,2026-01-29,1913.0,14742219.43356
ethusdt,binance,2026-01-30,2497.0,22052145.30001
ethusdt,binance,2026-01-31,3056.0,46969754.244169995
ethusdt,binance,2026-02-01,2950.0,29963866.646649998
ethusdt,binance,2026-02-02,3116.0,27351884.29453
ethusdt,binance,2026-02-03,3227.0,31984322.06367
ethusdt,binance,2026-02-04,2893.0,27009566.4941
ethusdt,binance,2026-02-05,5313.0,42729827.70602
ethusdt,binance,2026-02-06,4242.0,30969938.28666
ethusdt,binance,2026-02-07,2368.0,16220904.687930001
ethusdt,binance,2026-02-08,1480.0,11835515.29506
ethusdt,binance,2026-02-09,1863.0,17361286.62983
ethusdt,binance,2026-02-10,1463.0,10651485.43772
ethusdt,binance,2026-02-11,2281.0,17659184.58749
ethusdt,binance,2026-02-12,1754.0,9070188.59336
ethusdt,binance,2026-02-13,1440.0,9005823.6423
ethusdt,binance,2026-02-14,970.0,4805318.45117
ethusdt,binance,2026-02-15,1652.0,10631337.13718
ethusdt,binance,2026-02-16,1321.0,11528898.54219
ethusdt,binance,2026-02-17,1317.0,8058426.911
ethusdt,binance,2026-02-18,1298.0,18166007.32985
ethusdt,binance,2026-02-19,1218.0,9342084.57346
ethusdt,binance,2026-02-20,1106.0,7943446.57064
ethusdt,binance,2026-02-21,443.0,2225458.2616500002
ethusdt,binance,2026-02-22,601.0,2054734.31138
ethusdt,binance,2026-02-23,1935.0,18058034.02669
ethusdt,binance,2026-02-24,1544.0,7159075.3548799995
ethusdt,binance,2026-02-25,2091.0,20020515.52033
ethusdt,binance,2026-02-26,1585.0,10989094.11798
ethusdt,binance,2026-02-27,1602.0,15358404.14931
ethusdt,binance,2026-02-28,2062.0,15060017.48089
ethusdt,binance,2026-03-01,1924.0,12666849.81879
ethusdt,binance,2026-03-02,2084.0,14278795.32895
ethusdt,binance,2026-03-03,2112.0,21330014.97344
ethusdt,binance,2026-03-04,2475.0,19627903.96277
ethusdt,binance,2026-03-05,1836.0,11993238.33877
ethusdt,binance,2026-03-06,1526.0,7606667.50162
ethusdt,binance,2026-03-07,688.0,2480368.4467
ethusdt,binance,2026-03-08,1125.0,6486333.65225
ethusdt,binance,2026-03-09,1629.0,11835623.27161
ethusdt,binance,2026-03-10,1487.0,11690666.48728
ethusdt,binance,2026-03-11,1258.0,11746730.46305
ethusdt,binance,2026-03-12,1188.0,9501911.796910001
ethusdt,binance,2026-03-13,1829.0,17395195.13107
ethusdt,binance,2026-03-14,519.0,2719599.421
ethusdt,binance,2026-03-15,943.0,6441866.9292
ethusdt,binance,2026-03-16,2339.0,16588730.74942
ethusdt,binance,2026-03-17,1658.0,12904738.31053
ethusdt,binance,2026-03-18,1935.0,26195384.67487
ethusdt,binance,2026-03-19,2238.0,17151351.96813
ethusdt,binance,2026-03-20,1367.0,9710104.08271
ethusdt,binance,2026-03-21,569.0,3681937.82955
ethusdt,binance,2026-03-22,1505.0,7903496.13691
ethusdt,binance,2026-03-23,2113.0,15934241.17179
ethusdt,binance,2026-03-24,1183.0,8688914.84855
ethusdt,binance,2026-03-25,977.0,22906519.5976
ethusdt,binance,2026-03-26,1055.0,8110062.28943
ethusdt,binance,2026-03-27,1267.0,6811362.51175
ethusdt,binance,2026-03-28,619.0,2884629.5794
ethusdt,binance,2026-03-29,723.0,4847586.77522
ethusdt,binance,2026-03-30,1192.0,10284863.9531
ethusdt,binance,2026-03-31,1509.0,23544492.667460002
ethusdt,binance,2026-04-01,1316.0,13300560.0145
ethusdt,binance,2026-04-02,1679.0,11686234.023430001
ethusdt,binance,2026-04-03,614.0,1973666.84869
ethusdt,binance,2026-04-04,443.0,2270437.2522
ethusdt,binance,2026-04-05,773.0,15323259.423679998
ethusdt,binance,2026-04-06,1068.0,7752797.9662
ethusdt,binance,2026-04-07,1620.0,13651364.20298
ethusdt,binance,2026-04-08,1226.0,9502319.63696
ethusdt,binance,2026-04-09,1266.0,10691324.12938
ethusdt,binance,2026-04-10,966.0,6013810.08711
ethusdt,binance,2026-04-11,714.0,5513491.1638
ethusdt,binance,2026-04-12,1095.0,13420350.472469999
ethusdt,binance,2026-04-13,1589.0,14549082.072999999
ethusdt,binance,2026-04-14,1560.0,39575186.49597
ethusdt,binance,2026-04-15,1091.0,20846519.51087
ethusdt,binance,2026-04-16,1219.0,40956434.57176
ethusdt,binance,2026-04-17,1554.0,68155331.11322
ethusdt,binance,2026-04-18,1052.0,20477660.93415
ethusdt,binance,2026-04-19,1259.0,47889000.92979
ethusdt,binance,2026-04-20,1287.0,41943973.07785
ethusdt,binance,2026-04-21,1037.0,15061911.09006
ethusdt,binance,2026-04-22,1132.0,44561078.684259996
ethusdt,binance,2026-04-23,1078.0,37433764.77184
ethusdt,binance,2026-04-24,718.0,9112721.52158
ethusdt,binance,2026-04-25,288.0,2715605.9811
ethusdt,binance,2026-04-26,402.0,17698308.50147
ethusdt,binance,2026-04-27,960.0,50319600.94022
ethusdt,binance,2026-04-28,692.0,11741776.05352
ethusdt,bybit,2025-11-01,223.0,1752010.2843000002
ethusdt,bybit,2025-11-02,513.0,3209967.1144
ethusdt,bybit,2025-11-03,6920.0,71712484.7148
ethusdt,bybit,2025-11-04,15946.0,163859232.3568
ethusdt,bybit,2025-11-05,1735.0,19004305.2386
ethusdt,bybit,2025-11-06,2033.0,18918826.6894
ethusdt,bybit,2025-11-07,1971.0,22173499.9756
ethusdt,bybit,2025-11-08,698.0,4576900.9064
ethusdt,bybit,2025-11-09,1378.0,13968686.0403
ethusdt,bybit,2025-11-10,1180.0,9195145.5848
ethusdt,bybit,2025-11-11,1817.0,20509811.049
ethusdt,bybit,2025-11-12,1737.0,25974010.4471
ethusdt,bybit,2025-11-13,4123.0,45052647.6615
ethusdt,bybit,2025-11-14,5062.0,49037152.6648
ethusdt,bybit,2025-11-15,576.0,7097884.9319
ethusdt,bybit,2025-11-16,3538.0,35019087.7729
ethusdt,bybit,2025-11-17,3323.0,25898441.6576
ethusdt,bybit,2025-11-18,2161.0,18375733.0488
ethusdt,bybit,2025-11-19,4295.0,37603028.5604
ethusdt,bybit,2025-11-20,4285.0,41459303.0437
ethusdt,bybit,2025-11-21,6798.0,61897389.994500004
ethusdt,bybit,2025-11-22,632.0,5997314.7743
ethusdt,bybit,2025-11-23,866.0,7053071.3715
ethusdt,bybit,2025-11-24,1746.0,17885016.1058
ethusdt,bybit,2025-11-25,1261.0,9562963.9401
ethusdt,bybit,2025-11-26,1050.0,6630916.8286
ethusdt,bybit,2025-11-27,673.0,6901611.9386
ethusdt,bybit,2025-11-28,1010.0,8813768.3816
ethusdt,bybit,2025-11-29,625.0,6074691.5173
ethusdt,bybit,2025-11-30,563.0,3779905.2406
ethusdt,bybit,2025-12-01,4696.0,54030858.6857
ethusdt,bybit,2025-12-02,1549.0,15666630.1598
ethusdt,bybit,2025-12-03,2032.0,18151325.1193
ethusdt,bybit,2025-12-04,1680.0,19539420.4232
ethusdt,bybit,2025-12-05,1907.0,19608899.4391
ethusdt,bybit,2025-12-06,396.0,4072157.9729
ethusdt,bybit,2025-12-07,2311.0,27741203.149
ethusdt,bybit,2025-12-08,1095.0,11328656.2419
ethusdt,bybit,2025-12-09,2121.0,31691604.8112
ethusdt,bybit,2025-12-10,1825.0,18858645.5819
ethusdt,bybit,2025-12-11,1993.0,25965657.0746
ethusdt,bybit,2025-12-12,2153.0,27640133.5644
ethusdt,bybit,2025-12-13,344.0,3243966.0036
ethusdt,bybit,2025-12-14,1237.0,13983796.4813
ethusdt,bybit,2025-12-15,3895.0,43485217.1622
ethusdt,bybit,2025-12-16,1741.0,17072191.483599998
ethusdt,bybit,2025-12-17,3554.0,40897803.2179
ethusdt,bybit,2025-12-18,2464.0,26304338.7813
ethusdt,bybit,2025-12-19,1385.0,13639535.5027
ethusdt,bybit,2025-12-20,115.0,704077.0974
ethusdt,bybit,2025-12-21,643.0,4777146.8143
ethusdt,bybit,2025-12-22,1318.0,15469175.9638
ethusdt,bybit,2025-12-23,1216.0,13701242.8475
ethusdt,bybit,2025-12-24,671.0,8081768.1062
ethusdt,bybit,2025-12-25,546.0,5772294.7674
ethusdt,bybit,2025-12-26,653.0,5007455.5786
ethusdt,bybit,2025-12-27,140.0,1668915.8701
ethusdt,bybit,2025-12-28,144.0,1241787.9896
ethusdt,bybit,2025-12-29,1227.0,16568267.4641
ethusdt,bybit,2025-12-30,496.0,5208983.9317
ethusdt,bybit,2025-12-31,431.0,5851561.5538
ethusdt,bybit,2026-01-01,117.0,916780.3746999999
ethusdt,bybit,2026-01-02,1518.0,16443889.5212
ethusdt,bybit,2026-01-03,243.0,1612799.1258
ethusdt,bybit,2026-01-04,522.0,4753976.633
ethusdt,bybit,2026-01-05,1676.0,20431850.3163
ethusdt,bybit,2026-01-06,1286.0,15200556.2318
ethusdt,bybit,2026-01-07,987.0,16097658.1105
ethusdt,bybit,2026-01-08,1239.0,16341062.3089
ethusdt,bybit,2026-01-09,746.0,7703492.0586
ethusdt,bybit,2026-01-10,59.0,131957.8702
ethusdt,bybit,2026-01-11,253.0,1595717.9357999999
ethusdt,bybit,2026-01-12,840.0,9659456.3186
ethusdt,bybit,2026-01-13,1895.0,38576903.1463
ethusdt,bybit,2026-01-14,998.0,9726432.5556
ethusdt,bybit,2026-01-15,840.0,10399051.5639
ethusdt,bybit,2026-01-16,460.0,2781989.5238
ethusdt,bybit,2026-01-17,128.0,378954.0208
ethusdt,bybit,2026-01-18,649.0,6108038.2025
ethusdt,bybit,2026-01-19,1711.0,22077387.1226
ethusdt,bybit,2026-01-20,4159.0,66381246.4186
ethusdt,bybit,2026-01-21,2595.0,22242269.089
ethusdt,bybit,2026-01-22,780.0,7015394.9813
ethusdt,bybit,2026-01-23,962.0,9714563.3426
ethusdt,bybit,2026-01-24,86.0,429715.168
ethusdt,bybit,2026-01-25,2736.0,29808139.9125
ethusdt,bybit,2026-01-26,859.0,13443897.182599999
ethusdt,bybit,2026-01-27,874.0,7842451.3454
ethusdt,bybit,2026-01-28,493.0,5135254.4409
ethusdt,bybit,2026-01-29,2885.0,37716348.3071
ethusdt,bybit,2026-01-30,4510.0,44231302.8481
ethusdt,bybit,2026-01-31,14032.0,155384000.5157
ethusdt,bybit,2026-02-01,3011.0,26763145.1567
ethusdt,bybit,2026-02-02,3478.0,28067084.9377
ethusdt,bybit,2026-02-03,4359.0,35444575.5434
ethusdt,bybit,2026-02-04,3351.0,29393188.9949
ethusdt,bybit,2026-02-05,11600.0,83941707.9118
ethusdt,bybit,2026-02-06,5935.0,46352899.602800004
ethusdt,bybit,2026-02-07,2212.0,19735935.6985
ethusdt,bybit,2026-02-08,1205.0,9402171.0682
ethusdt,bybit,2026-02-09,1593.0,9534819.3141
ethusdt,bybit,2026-02-10,1099.0,9118966.2369
ethusdt,bybit,2026-02-11,2454.0,18703072.3014
ethusdt,bybit,2026-02-12,1044.0,8563620.8382
ethusdt,bybit,2026-02-13,1190.0,10612553.335
ethusdt,bybit,2026-02-14,675.0,5538128.0109
ethusdt,bybit,2026-02-15,1940.0,17324922.18
ethusdt,bybit,2026-02-16,943.0,5858286.8247
ethusdt,bybit,2026-02-17,933.0,9703640.3266
ethusdt,bybit,2026-02-18,1200.0,8363057.6612
ethusdt,bybit,2026-02-19,836.0,7514108.398
ethusdt,bybit,2026-02-20,691.0,4457393.2986
ethusdt,bybit,2026-02-21,250.0,1231459.1526
ethusdt,bybit,2026-02-22,379.0,1715818.7168
ethusdt,bybit,2026-02-23,2819.0,26219748.0301
ethusdt,bybit,2026-02-24,1638.0,11693841.8136
ethusdt,bybit,2026-02-25,3146.0,41600208.2089
ethusdt,bybit,2026-02-26,1078.0,10594178.315200001
ethusdt,bybit,2026-02-27,1596.0,15545473.4263
ethusdt,bybit,2026-02-28,2443.0,25872497.3092
ethusdt,bybit,2026-03-01,1662.0,19228837.666
ethusdt,bybit,2026-03-02,1724.0,14215008.3015
ethusdt,bybit,2026-03-03,1305.0,11273168.7541
ethusdt,bybit,2026-03-04,2538.0,24114217.709
ethusdt,bybit,2026-03-05,1090.0,8178808.8671
ethusdt,bybit,2026-03-06,1347.0,12417026.5222
ethusdt,bybit,2026-03-07,506.0,3702472.0767
ethusdt,bybit,2026-03-08,1279.0,11879698.9802
ethusdt,bybit,2026-03-09,1163.0,9591643.2545
ethusdt,bybit,2026-03-10,1103.0,10244553.1144
ethusdt,bybit,2026-03-11,739.0,6313956.88
ethusdt,bybit,2026-03-12,691.0,6141186.7079
ethusdt,bybit,2026-03-13,2294.0,23201872.6643
ethusdt,bybit,2026-03-14,273.0,1884532.0997
ethusdt,bybit,2026-03-15,952.0,8473206.3345
ethusdt,bybit,2026-03-16,3772.0,42972652.179
ethusdt,bybit,2026-03-17,922.0,6248276.5082
ethusdt,bybit,2026-03-18,1820.0,18856328.2509
ethusdt,bybit,2026-03-19,1538.0,18108303.4855
ethusdt,bybit,2026-03-20,722.0,5825509.1537
ethusdt,bybit,2026-03-21,983.0,10991408.7614
ethusdt,bybit,2026-03-22,1557.0,15984187.5483
ethusdt,bybit,2026-03-23,1879.0,27867534.3503
ethusdt,bybit,2026-03-24,713.0,5947039.6494
ethusdt,bybit,2026-03-25,588.0,5779072.7055
ethusdt,bybit,2026-03-26,1499.0,16693284.4585
ethusdt,bybit,2026-03-27,1893.0,23387642.2084
ethusdt,bybit,2026-03-28,492.0,3468047.6277
ethusdt,bybit,2026-03-29,1309.0,13438991.845999999
ethusdt,bybit,2026-03-30,1024.0,12566643.2652
ethusdt,bybit,2026-03-31,1092.0,11432233.4055
ethusdt,bybit,2026-04-01,1013.0,8962275.4855
ethusdt,bybit,2026-04-02,1198.0,12296330.9979
ethusdt,bybit,2026-04-03,242.0,1608128.0418
ethusdt,bybit,2026-04-04,170.0,1287029.2627
ethusdt,bybit,2026-04-05,800.0,10863888.5176
ethusdt,bybit,2026-04-06,1111.0,12737000.2904
ethusdt,bybit,2026-04-07,2089.0,22766666.8689
ethusdt,bybit,2026-04-08,682.0,6850339.0221
ethusdt,bybit,2026-04-09,818.0,10544990.4686
ethusdt,bybit,2026-04-10,512.0,4736755.5757
ethusdt,bybit,2026-04-11,1101.0,12607852.5394
ethusdt,bybit,2026-04-12,819.0,7573703.143
ethusdt,bybit,2026-04-13,1907.0,20368461.7329
ethusdt,bybit,2026-04-14,1070.0,8462809.133
ethusdt,bybit,2026-04-15,561.0,5712132.3282
ethusdt,bybit,2026-04-16,796.0,13712789.5257
ethusdt,bybit,2026-04-17,1390.0,12244399.9887
ethusdt,bybit,2026-04-18,541.0,3940506.8433
ethusdt,bybit,2026-04-19,1116.0,13119569.6301
ethusdt,bybit,2026-04-20,595.0,5589281.0127
ethusdt,bybit,2026-04-21,493.0,3909533.9732
ethusdt,bybit,2026-04-22,822.0,7391173.78
ethusdt,bybit,2026-04-23,746.0,7107472.5824
ethusdt,bybit,2026-04-24,243.0,1860670.6491
ethusdt,bybit,2026-04-25,86.0,498093.7658
ethusdt,bybit,2026-04-26,409.0,3671712.3755
ethusdt,bybit,2026-04-27,1007.0,11181657.0492
ethusdt,bybit,2026-04-28,398.0,4616966.6086
